<?xml version="1.0" encoding="iso-8859-1"?>
<!DOCTYPE tmres SYSTEM "tmres.dtd">
<tmres>
 <bookmarks>
<bookmark offset="622592" columns="16" rows="16" blockwidth="16" blockheight="16" rowinterleaved="false" sizeblocktocanvas="true" mode="1D" palIndex="0" codec="CP02">
  <description>Richter Sprite</description>
</bookmark>
  <folder>
    <name>Palettes</name>
<bookmark offset="526336" columns="1" rows="1" blockwidth="1" blockheight="1" rowinterleaved="false" sizeblocktocanvas="true" mode="1D" palIndex="0" codec="DC01">
  <description>Subweapon Candle</description>
</bookmark>
<bookmark offset="526624" columns="1" rows="1" blockwidth="1" blockheight="1" rowinterleaved="false" sizeblocktocanvas="true" mode="1D" palIndex="0" codec="DC01">
  <description>Boss0 Sprite Dog</description>
</bookmark>
<bookmark offset="532928" columns="1" rows="1" blockwidth="1" blockheight="1" rowinterleaved="false" sizeblocktocanvas="true" mode="1D" palIndex="0" codec="DC01">
  <description>Stage0s0BG</description>
</bookmark>
<bookmark offset="533152" columns="1" rows="1" blockwidth="1" blockheight="1" rowinterleaved="false" sizeblocktocanvas="true" mode="1D" palIndex="0" codec="DC01">
  <description>Stage0s1BG Anim</description>
</bookmark>
<bookmark offset="533056" columns="1" rows="1" blockwidth="1" blockheight="1" rowinterleaved="false" sizeblocktocanvas="true" mode="1D" palIndex="0" codec="DC01">
  <description>Stage0s1BG</description>
</bookmark>
<bookmark offset="533056" columns="1" rows="1" blockwidth="1" blockheight="1" rowinterleaved="false" sizeblocktocanvas="true" mode="1D" palIndex="0" codec="DC01">
  <description>Stage0s2BG3BG</description>
</bookmark>
<bookmark offset="533504" columns="1" rows="1" blockwidth="1" blockheight="1" rowinterleaved="false" sizeblocktocanvas="true" mode="1D" palIndex="0" codec="DC01">
  <description>Stage0s4BG</description>
</bookmark>
<bookmark offset="533664" columns="1" rows="1" blockwidth="1" blockheight="1" rowinterleaved="false" sizeblocktocanvas="true" mode="1D" palIndex="0" codec="DC01">
  <description>Stage0s5BG Boss</description>
</bookmark>
<bookmark offset="532928" columns="1" rows="6" blockwidth="1" blockheight="6" rowinterleaved="false" sizeblocktocanvas="true" mode="1D" palIndex="0" codec="DC01">
  <description>Stage0BGAll</description>
</bookmark>
<bookmark offset="536896" columns="1" rows="3" blockwidth="1" blockheight="3" rowinterleaved="false" sizeblocktocanvas="true" mode="1D" palIndex="0" codec="DC01">
  <description>Stage1s0BG</description>
</bookmark>
<bookmark offset="537280" columns="1" rows="7" blockwidth="1" blockheight="7" rowinterleaved="false" sizeblocktocanvas="true" mode="1D" palIndex="0" codec="DC01">
  <description>Stage1s1 All</description>
</bookmark>
<bookmark offset="525120" columns="1" rows="1" blockwidth="1" blockheight="1" rowinterleaved="false" sizeblocktocanvas="true" mode="1D" palIndex="0" codec="DC01">
  <description>Stage1 Boss Sprite</description>
</bookmark>
<bookmark offset="541632" columns="1" rows="2" blockwidth="1" blockheight="2" rowinterleaved="false" sizeblocktocanvas="true" mode="1D" palIndex="0" codec="DC01">
  <description>Stage2s0BG</description>
</bookmark>
  </folder>
<bookmark offset="681099" columns="16" rows="7" blockwidth="16" blockheight="7" rowinterleaved="false" sizeblocktocanvas="true" mode="1D" palIndex="3" codec="CP02">
  <description>Flame</description>
</bookmark>
<bookmark offset="524512" columns="1" rows="1" blockwidth="1" blockheight="1" rowinterleaved="false" sizeblocktocanvas="true" mode="1D" palIndex="0" codec="DC01">
  <description>Richter</description>
</bookmark>
 </bookmarks>
 <palettes>
<palette size="128" direct="no" offset="524512" codec="CF00" endianness="little">
  <description>Richter Sprite</description>
</palette>
<palette size="128" direct="no" offset="526336" codec="CF00" endianness="little">
  <description>Iteam Dagger Clock Meat</description>
</palette>
<palette size="128" direct="no" offset="527232" codec="CF00" endianness="little">
  <description>Axe Cross Sprite</description>
</palette>
 </palettes>
</tmres>
