<?xml version="1.0" encoding="iso-8859-1"?>
<!DOCTYPE tmres SYSTEM "tmres.dtd">
<tmres>
 <bookmarks>
  <folder>
    <name>Sprites</name>
<bookmark offset="20472" columns="16" rows="8" blockwidth="16" blockheight="8" rowinterleaved="true" sizeblocktocanvas="true" mode="1D" palIndex="0" codec="CP00">
  <description>Simon</description>
</bookmark>
<bookmark offset="22520" columns="16" rows="8" blockwidth="16" blockheight="8" rowinterleaved="true" sizeblocktocanvas="true" mode="1D" palIndex="0" codec="CP00">
  <description>Enemy Stage 1</description>
</bookmark>
<bookmark offset="26456" columns="14" rows="7" blockwidth="14" blockheight="7" rowinterleaved="true" sizeblocktocanvas="true" mode="1D" palIndex="0" codec="CP00">
  <description>Doors Items Subweapons</description>
</bookmark>
<bookmark offset="32920" columns="14" rows="10" blockwidth="14" blockheight="10" rowinterleaved="true" sizeblocktocanvas="true" mode="1D" palIndex="1" codec="CP00">
  <description>Enemy Stage 2 Hall</description>
</bookmark>
<bookmark offset="37272" columns="14" rows="10" blockwidth="14" blockheight="10" rowinterleaved="true" sizeblocktocanvas="true" mode="1D" palIndex="3" codec="CP00">
  <description>Enemy Stage 3 Tower</description>
</bookmark>
<bookmark offset="45784" columns="17" rows="10" blockwidth="17" blockheight="10" rowinterleaved="true" sizeblocktocanvas="true" mode="1D" palIndex="0" codec="CP00">
  <description>Enemy Stage 5 Dungeon</description>
</bookmark>
<bookmark offset="51032" columns="16" rows="10" blockwidth="16" blockheight="10" rowinterleaved="true" sizeblocktocanvas="true" mode="1D" palIndex="0" codec="CP00">
  <description>Enemy Stage 6 Clocktower</description>
</bookmark>
<bookmark offset="55512" columns="17" rows="10" blockwidth="17" blockheight="10" rowinterleaved="true" sizeblocktocanvas="true" mode="1D" palIndex="0" codec="CP00">
  <description>Dracula</description>
</bookmark>
<bookmark offset="41752" columns="16" rows="10" blockwidth="16" blockheight="10" rowinterleaved="true" sizeblocktocanvas="true" mode="1D" palIndex="0" codec="CP00">
  <description>Enemy Stage 4 Unterground</description>
</bookmark>
  </folder>
  <folder>
    <name>Levels</name>
<bookmark offset="34968" columns="13" rows="11" blockwidth="13" blockheight="11" rowinterleaved="false" sizeblocktocanvas="true" mode="1D" palIndex="0" codec="CP00">
  <description>Stage 2 Main Hall</description>
</bookmark>
<bookmark offset="24600" columns="16" rows="9" blockwidth="16" blockheight="9" rowinterleaved="false" sizeblocktocanvas="true" mode="1D" palIndex="0" codec="CP00">
  <description>Stage 1 Entrence</description>
</bookmark>
<bookmark offset="39448" columns="16" rows="9" blockwidth="16" blockheight="9" rowinterleaved="false" sizeblocktocanvas="true" mode="1D" palIndex="0" codec="CP00">
  <description>Stage 3 Tower</description>
</bookmark>
<bookmark offset="43960" columns="16" rows="9" blockwidth="16" blockheight="9" rowinterleaved="false" sizeblocktocanvas="true" mode="1D" palIndex="0" codec="CP00">
  <description>Stage 4 Unterground</description>
</bookmark>
<bookmark offset="49176" columns="15" rows="10" blockwidth="15" blockheight="10" rowinterleaved="false" sizeblocktocanvas="true" mode="1D" palIndex="0" codec="CP00">
  <description>Stage 5 Dungeon</description>
</bookmark>
<bookmark offset="53656" columns="16" rows="9" blockwidth="16" blockheight="9" rowinterleaved="false" sizeblocktocanvas="true" mode="1D" palIndex="0" codec="CP00">
  <description>Stage 6 Clocktower</description>
</bookmark>
<bookmark offset="58136" columns="15" rows="11" blockwidth="15" blockheight="11" rowinterleaved="false" sizeblocktocanvas="true" mode="1D" palIndex="0" codec="CP00">
  <description>Stage Dracula</description>
</bookmark>
  </folder>
<bookmark offset="27960" columns="14" rows="18" blockwidth="14" blockheight="18" rowinterleaved="true" sizeblocktocanvas="true" mode="1D" palIndex="0" codec="CP00">
  <description>Ending Screen and Fonts</description>
</bookmark>
<bookmark offset="60824" columns="15" rows="20" blockwidth="15" blockheight="20" rowinterleaved="true" sizeblocktocanvas="true" mode="1D" palIndex="0" codec="CP00">
  <description>CastleMapSprite Rowinterleaved</description>
</bookmark>
<bookmark offset="60824" columns="15" rows="20" blockwidth="15" blockheight="20" rowinterleaved="false" sizeblocktocanvas="true" mode="1D" palIndex="0" codec="CP00">
  <description>CastleMap</description>
</bookmark>
<bookmark offset="16408" columns="16" rows="16" blockwidth="16" blockheight="16" rowinterleaved="false" sizeblocktocanvas="true" mode="1D" palIndex="0" codec="CP00">
  <description>TitelScreen</description>
</bookmark>
<bookmark offset="13585" columns="16" rows="6" blockwidth="16" blockheight="6" rowinterleaved="true" sizeblocktocanvas="true" mode="1D" palIndex="0" codec="CP00">
  <description>TitelScreenSprites</description>
</bookmark>
  <folder>
    <name>SpritesBetterOrder</name>
<bookmark offset="32920" columns="14" rows="10" blockwidth="14" blockheight="10" rowinterleaved="true" sizeblocktocanvas="true" mode="1D" palIndex="1" codec="CP00">
  <description>LVL2</description>
</bookmark>
<bookmark offset="37272" columns="14" rows="10" blockwidth="14" blockheight="10" rowinterleaved="true" sizeblocktocanvas="true" mode="1D" palIndex="3" codec="CP00">
  <description>LVL3</description>
</bookmark>
<bookmark offset="41752" columns="16" rows="10" blockwidth="16" blockheight="10" rowinterleaved="true" sizeblocktocanvas="true" mode="1D" palIndex="3" codec="CP00">
  <description>LVL4 Unterground</description>
</bookmark>
<bookmark offset="46232" columns="17" rows="8" blockwidth="17" blockheight="8" rowinterleaved="true" sizeblocktocanvas="true" mode="1D" palIndex="1" codec="CP00">
  <description>LVL 5</description>
</bookmark>
<bookmark offset="51480" columns="16" rows="8" blockwidth="16" blockheight="8" rowinterleaved="true" sizeblocktocanvas="true" mode="1D" palIndex="0" codec="CP00">
  <description>LVL6</description>
</bookmark>
<bookmark offset="55960" columns="17" rows="8" blockwidth="17" blockheight="8" rowinterleaved="true" sizeblocktocanvas="true" mode="1D" palIndex="3" codec="CP00">
  <description>Dracula</description>
</bookmark>
<bookmark offset="22424" columns="16" rows="8" blockwidth="16" blockheight="8" rowinterleaved="true" sizeblocktocanvas="true" mode="1D" palIndex="1" codec="CP00">
  <description>LVL1</description>
</bookmark>
  </folder>
<bookmark offset="110887" columns="15" rows="6" blockwidth="15" blockheight="6" rowinterleaved="true" sizeblocktocanvas="true" mode="1D" palIndex="0" codec="CP00">
  <description>Tiles Castle opening</description>
</bookmark>
<bookmark offset="90144" columns="15" rows="10" blockwidth="15" blockheight="10" rowinterleaved="false" sizeblocktocanvas="true" mode="1D" palIndex="0" codec="CP00">
  <description>IntroScreen</description>
</bookmark>
<bookmark offset="90584" columns="11" rows="2" blockwidth="11" blockheight="2" rowinterleaved="true" sizeblocktocanvas="true" mode="1D" palIndex="2" codec="CP00">
  <description>CastleOpeningSimon</description>
</bookmark>
<bookmark offset="90168" columns="15" rows="10" blockwidth="15" blockheight="10" rowinterleaved="true" sizeblocktocanvas="true" mode="1D" palIndex="0" codec="CP00">
  <description>FixedIntroScreenSprites</description>
</bookmark>
<bookmark offset="111175" columns="1" rows="2" blockwidth="1" blockheight="2" rowinterleaved="true" sizeblocktocanvas="true" mode="1D" palIndex="0" codec="CP00">
  <description>OpeningDoorFrameSimon</description>
</bookmark>
 </bookmarks>
 <palettes>
  <folder>
    <name>TitelScreen</name>
<palette size="16" direct="no" offset="112658" codec="CF02" endianness="little">
  <description>TitelScreen</description>
</palette>
<palette size="16" direct="no" offset="118463" codec="CF02" endianness="little">
  <description>Ending Screen</description>
</palette>
<palette size="16" direct="no" offset="118292" codec="CF02" endianness="little">
  <description>Castle Map (Shared with Sprites)</description>
</palette>
<palette size="16" direct="no" offset="118292" codec="CF02" endianness="little">
  <description>IntroScreenTiles</description>
</palette>
<palette size="16" direct="no" offset="118267" codec="CF02" endianness="little">
  <description>IntroScreenSprites</description>
</palette>
  </folder>
  <folder>
    <name>Levels</name>
<palette size="16" direct="no" offset="118330" codec="CF02" endianness="little">
  <description>Stage 1 Entrence</description>
</palette>
<palette size="16" direct="no" offset="118349" codec="CF02" endianness="little">
  <description>Stage 2 Main Hall</description>
</palette>
<palette size="16" direct="no" offset="118368" codec="CF02" endianness="little">
  <description>Stage 3 Tower</description>
</palette>
<palette size="16" direct="no" offset="118387" codec="CF02" endianness="little">
  <description>Stage 4 Unterground</description>
</palette>
<palette size="16" direct="no" offset="118406" codec="CF02" endianness="little">
  <description>Stage 5 Dungeon</description>
</palette>
<palette size="16" direct="no" offset="118425" codec="CF02" endianness="little">
  <description>Stage 6 Clocktower</description>
</palette>
<palette size="16" direct="no" offset="118444" codec="CF02" endianness="little">
  <description>Stage Dracula</description>
</palette>
  </folder>
  <folder>
    <name>Sprites</name>
<palette size="16" direct="no" offset="118267" codec="CF02" endianness="little">
  <description>Every Stage and Simon</description>
</palette>
<palette size="16" direct="no" offset="118479" codec="CF02" endianness="little">
  <description>Ending Screen</description>
</palette>
  </folder>
 </palettes>
</tmres>
