<?xml version="1.0" encoding="iso-8859-1"?>
<!DOCTYPE tmres SYSTEM "tmres.dtd">
<tmres>
 <bookmarks>
  <folder>
    <name>Sprites</name>
<bookmark offset="286736" columns="16" rows="16" blockwidth="16" blockheight="16" rowinterleaved="true" sizeblocktocanvas="true" mode="1D" palIndex="0" codec="CP00">
  <description>Stage1</description>
</bookmark>
<bookmark offset="294928" columns="16" rows="16" blockwidth="16" blockheight="16" rowinterleaved="true" sizeblocktocanvas="true" mode="1D" palIndex="0" codec="CP00">
  <description>Stage2</description>
</bookmark>
<bookmark offset="303120" columns="16" rows="16" blockwidth="16" blockheight="16" rowinterleaved="true" sizeblocktocanvas="true" mode="1D" palIndex="0" codec="CP00">
  <description>Stage3</description>
</bookmark>
<bookmark offset="311312" columns="16" rows="16" blockwidth="16" blockheight="16" rowinterleaved="true" sizeblocktocanvas="true" mode="1D" palIndex="0" codec="CP00">
  <description>Stage4</description>
</bookmark>
<bookmark offset="319504" columns="16" rows="16" blockwidth="16" blockheight="16" rowinterleaved="true" sizeblocktocanvas="true" mode="1D" palIndex="0" codec="CP00">
  <description>Stage5</description>
</bookmark>
<bookmark offset="327696" columns="16" rows="16" blockwidth="16" blockheight="16" rowinterleaved="true" sizeblocktocanvas="true" mode="1D" palIndex="0" codec="CP00">
  <description>Stage6</description>
</bookmark>
<bookmark offset="335888" columns="16" rows="16" blockwidth="16" blockheight="16" rowinterleaved="true" sizeblocktocanvas="true" mode="1D" palIndex="0" codec="CP00">
  <description>Dracula</description>
</bookmark>
<bookmark offset="417808" columns="16" rows="16" blockwidth="16" blockheight="16" rowinterleaved="true" sizeblocktocanvas="true" mode="1D" palIndex="3" codec="CP00">
  <description>Large and permanent Sprites</description>
</bookmark>
  </folder>
  <folder>
    <name>Levels</name>
<bookmark offset="290832" columns="16" rows="16" blockwidth="16" blockheight="16" rowinterleaved="true" sizeblocktocanvas="true" mode="1D" palIndex="0" codec="CP00">
  <description>Stage1</description>
</bookmark>
<bookmark offset="299024" columns="16" rows="16" blockwidth="16" blockheight="16" rowinterleaved="true" sizeblocktocanvas="true" mode="1D" palIndex="0" codec="CP00">
  <description>Stage2</description>
</bookmark>
<bookmark offset="307216" columns="16" rows="16" blockwidth="16" blockheight="16" rowinterleaved="false" sizeblocktocanvas="true" mode="1D" palIndex="0" codec="CP00">
  <description>Stage3</description>
</bookmark>
<bookmark offset="315408" columns="16" rows="16" blockwidth="16" blockheight="16" rowinterleaved="false" sizeblocktocanvas="true" mode="1D" palIndex="1" codec="CP00">
  <description>Stage4</description>
</bookmark>
<bookmark offset="323600" columns="16" rows="16" blockwidth="16" blockheight="16" rowinterleaved="false" sizeblocktocanvas="true" mode="1D" palIndex="0" codec="CP00">
  <description>Stage5</description>
</bookmark>
<bookmark offset="331792" columns="16" rows="16" blockwidth="16" blockheight="16" rowinterleaved="false" sizeblocktocanvas="true" mode="1D" palIndex="0" codec="CP00">
  <description>Stage6</description>
</bookmark>
<bookmark offset="339984" columns="16" rows="16" blockwidth="16" blockheight="16" rowinterleaved="false" sizeblocktocanvas="true" mode="1D" palIndex="2" codec="CP00">
  <description>Dracula</description>
</bookmark>
  </folder>
<bookmark offset="266256" columns="16" rows="16" blockwidth="16" blockheight="16" rowinterleaved="false" sizeblocktocanvas="true" mode="1D" palIndex="0" codec="CP00">
  <description>TitleScreen</description>
</bookmark>
<bookmark offset="274448" columns="16" rows="16" blockwidth="16" blockheight="16" rowinterleaved="true" sizeblocktocanvas="true" mode="1D" palIndex="0" codec="CP00">
  <description>EndingScreen</description>
</bookmark>
<bookmark offset="278544" columns="16" rows="16" blockwidth="16" blockheight="16" rowinterleaved="false" sizeblocktocanvas="true" mode="1D" palIndex="0" codec="CP00">
  <description>IntroScreen</description>
</bookmark>
<bookmark offset="282640" columns="16" rows="16" blockwidth="16" blockheight="16" rowinterleaved="false" sizeblocktocanvas="true" mode="1D" palIndex="1" codec="CP00">
  <description>Map</description>
</bookmark>
<bookmark offset="272400" columns="16" rows="8" blockwidth="16" blockheight="8" rowinterleaved="true" sizeblocktocanvas="true" mode="1D" palIndex="2" codec="CP00">
  <description>SpriteEndingScreen</description>
</bookmark>
  <folder>
    <name>ExtendedAnimationBanks</name>
<bookmark offset="344080" columns="16" rows="16" blockwidth="16" blockheight="16" rowinterleaved="true" sizeblocktocanvas="true" mode="1D" palIndex="0" codec="CP00">
  <description>EveryStageSprite</description>
</bookmark>
<bookmark offset="352272" columns="16" rows="16" blockwidth="16" blockheight="16" rowinterleaved="false" sizeblocktocanvas="true" mode="1D" palIndex="0" codec="CP00">
  <description>Stage1 BG</description>
</bookmark>
  </folder>
 </bookmarks>
 <palettes>
  <folder>
    <name>TitelScreen</name>
<palette size="16" direct="no" offset="112658" codec="CF02" endianness="little">
  <description>TitelScreen</description>
</palette>
<palette size="16" direct="no" offset="118463" codec="CF02" endianness="little">
  <description>Ending Screen</description>
</palette>
<palette size="16" direct="no" offset="118292" codec="CF02" endianness="little">
  <description>Castle Map (Shared with Sprites)</description>
</palette>
<palette size="16" direct="no" offset="118292" codec="CF02" endianness="little">
  <description>IntroScreenTiles</description>
</palette>
<palette size="16" direct="no" offset="118267" codec="CF02" endianness="little">
  <description>IntroScreenSprites</description>
</palette>
  </folder>
  <folder>
    <name>Levels</name>
<palette size="16" direct="no" offset="118330" codec="CF02" endianness="little">
  <description>Stage 1 Entrence</description>
</palette>
<palette size="16" direct="no" offset="118349" codec="CF02" endianness="little">
  <description>Stage 2 Main Hall</description>
</palette>
<palette size="16" direct="no" offset="118368" codec="CF02" endianness="little">
  <description>Stage 3 Tower</description>
</palette>
<palette size="16" direct="no" offset="118387" codec="CF02" endianness="little">
  <description>Stage 4 Unterground</description>
</palette>
<palette size="16" direct="no" offset="118406" codec="CF02" endianness="little">
  <description>Stage 5 Dungeon</description>
</palette>
<palette size="16" direct="no" offset="118425" codec="CF02" endianness="little">
  <description>Stage 6 Clocktower</description>
</palette>
<palette size="16" direct="no" offset="118444" codec="CF02" endianness="little">
  <description>Stage Dracula</description>
</palette>
  </folder>
  <folder>
    <name>Sprites</name>
<palette size="16" direct="no" offset="118267" codec="CF02" endianness="little">
  <description>Every Stage and Simon</description>
</palette>
<palette size="16" direct="no" offset="118479" codec="CF02" endianness="little">
  <description>Ending Screen</description>
</palette>
  </folder>
 </palettes>
</tmres>
