<?xml version="1.0" encoding="iso-8859-1"?>
<!DOCTYPE tmres SYSTEM "tmres.dtd">
<tmres>
 <bookmarks>
  <folder>
    <name>Screens</name>
<bookmark offset="32788" columns="16" rows="17" blockwidth="16" blockheight="17" rowinterleaved="false" sizeblocktocanvas="true" mode="1D" palIndex="0" codec="CP00">
  <description>Ending</description>
</bookmark>
<bookmark offset="39700" columns="16" rows="14" blockwidth="16" blockheight="14" rowinterleaved="false" sizeblocktocanvas="true" mode="1D" palIndex="0" codec="CP00">
  <description>Intro</description>
</bookmark>
<bookmark offset="115476" columns="16" rows="16" blockwidth="16" blockheight="16" rowinterleaved="false" sizeblocktocanvas="true" mode="1D" palIndex="0" codec="CP00">
  <description>ClearEnd</description>
</bookmark>
<bookmark offset="134932" columns="16" rows="13" blockwidth="16" blockheight="13" rowinterleaved="false" sizeblocktocanvas="true" mode="1D" palIndex="0" codec="CP00">
  <description>ClearEnd2</description>
</bookmark>
  </folder>
  <folder>
    <name>Level</name>
<bookmark offset="30164" columns="16" rows="10" blockwidth="16" blockheight="10" rowinterleaved="true" sizeblocktocanvas="true" mode="1D" palIndex="0" codec="CP00">
  <description>EveryStage Sprites</description>
</bookmark>
<bookmark offset="91364" columns="16" rows="9" blockwidth="16" blockheight="9" rowinterleaved="false" sizeblocktocanvas="true" mode="1D" palIndex="0" codec="CP00">
  <description>LvL1 Tiles</description>
</bookmark>
<bookmark offset="93684" columns="16" rows="6" blockwidth="16" blockheight="6" rowinterleaved="true" sizeblocktocanvas="true" mode="1D" palIndex="0" codec="CP00">
  <description>LvL1 Sprites</description>
</bookmark>
<bookmark offset="131044" columns="16" rows="9" blockwidth="16" blockheight="9" rowinterleaved="false" sizeblocktocanvas="true" mode="1D" palIndex="0" codec="CP00">
  <description>LvL2 Tiles</description>
</bookmark>
<bookmark offset="133396" columns="16" rows="6" blockwidth="16" blockheight="6" rowinterleaved="true" sizeblocktocanvas="true" mode="1D" palIndex="0" codec="CP00">
  <description>LvL2 Sprites</description>
</bookmark>
<bookmark offset="138164" columns="16" rows="14" blockwidth="16" blockheight="14" rowinterleaved="false" sizeblocktocanvas="true" mode="1D" palIndex="0" codec="CP00">
  <description>LvL3 Tiles</description>
</bookmark>
<bookmark offset="141844" columns="16" rows="6" blockwidth="16" blockheight="6" rowinterleaved="true" sizeblocktocanvas="true" mode="1D" palIndex="0" codec="CP00">
  <description>LvL3 Sprites</description>
</bookmark>
<bookmark offset="143588" columns="16" rows="9" blockwidth="16" blockheight="9" rowinterleaved="false" sizeblocktocanvas="true" mode="1D" palIndex="0" codec="CP00">
  <description>LvL4 Tiles</description>
</bookmark>
<bookmark offset="147476" columns="16" rows="6" blockwidth="16" blockheight="6" rowinterleaved="true" sizeblocktocanvas="true" mode="1D" palIndex="0" codec="CP00">
  <description>LvL4 Sprites</description>
</bookmark>
<bookmark offset="149220" columns="16" rows="9" blockwidth="16" blockheight="9" rowinterleaved="false" sizeblocktocanvas="true" mode="1D" palIndex="0" codec="CP00">
  <description>LvL5 Tiles</description>
</bookmark>
<bookmark offset="151572" columns="16" rows="6" blockwidth="16" blockheight="6" rowinterleaved="true" sizeblocktocanvas="true" mode="1D" palIndex="0" codec="CP00">
  <description>LvL5 Sprites</description>
</bookmark>
<bookmark offset="153268" columns="16" rows="14" blockwidth="16" blockheight="14" rowinterleaved="false" sizeblocktocanvas="true" mode="1D" palIndex="0" codec="CP00">
  <description>LvL6 Tiles</description>
</bookmark>
<bookmark offset="156948" columns="16" rows="6" blockwidth="16" blockheight="6" rowinterleaved="true" sizeblocktocanvas="true" mode="1D" palIndex="0" codec="CP00">
  <description>LvL6 Sprites</description>
</bookmark>
<bookmark offset="158692" columns="16" rows="9" blockwidth="16" blockheight="9" rowinterleaved="false" sizeblocktocanvas="true" mode="1D" palIndex="0" codec="CP00">
  <description>LvL7 Tiles</description>
</bookmark>
<bookmark offset="161044" columns="16" rows="6" blockwidth="16" blockheight="6" rowinterleaved="true" sizeblocktocanvas="true" mode="1D" palIndex="0" codec="CP00">
  <description>LvL7 Sprites</description>
</bookmark>
<bookmark offset="149268" columns="16" rows="9" blockwidth="16" blockheight="9" rowinterleaved="false" sizeblocktocanvas="true" mode="1D" palIndex="0" codec="CP00">
  <description>LvL8 Tiles</description>
</bookmark>
<bookmark offset="151572" columns="16" rows="6" blockwidth="16" blockheight="6" rowinterleaved="true" sizeblocktocanvas="true" mode="1D" palIndex="0" codec="CP00">
  <description>LvL8 Sprites</description>
</bookmark>
<bookmark offset="149300" columns="16" rows="9" blockwidth="16" blockheight="9" rowinterleaved="false" sizeblocktocanvas="true" mode="1D" palIndex="0" codec="CP00">
  <description>LvL9 Tiles same as 8</description>
</bookmark>
<bookmark offset="151572" columns="16" rows="6" blockwidth="16" blockheight="6" rowinterleaved="true" sizeblocktocanvas="true" mode="1D" palIndex="0" codec="CP00">
  <description>LvL9 Sprites same as 8</description>
</bookmark>
<bookmark offset="149220" columns="16" rows="9" blockwidth="16" blockheight="9" rowinterleaved="false" sizeblocktocanvas="true" mode="1D" palIndex="0" codec="CP00">
  <description>LvL8 Tiles New</description>
</bookmark>
  </folder>
<bookmark offset="23372" columns="16" rows="3" blockwidth="16" blockheight="3" rowinterleaved="false" sizeblocktocanvas="true" mode="1D" palIndex="0" codec="CP00">
  <description>Font</description>
</bookmark>
<bookmark offset="24084" columns="16" rows="14" blockwidth="16" blockheight="14" rowinterleaved="true" sizeblocktocanvas="true" mode="1D" palIndex="0" codec="CP00">
  <description>NumbersAndStageMap</description>
</bookmark>
<bookmark offset="26916" columns="16" rows="8" blockwidth="16" blockheight="8" rowinterleaved="false" sizeblocktocanvas="true" mode="1D" palIndex="0" codec="CP00">
  <description>Stage Houses and Numbers</description>
</bookmark>
 </bookmarks>
 <palettes>
  <folder>
    <name>Tiles</name>
<palette size="16" direct="no" offset="251454" codec="CF02" endianness="little">
  <description>LvL1</description>
</palette>
<palette size="16" direct="no" offset="251489" codec="CF02" endianness="little">
  <description>LvL2</description>
</palette>
<palette size="16" direct="no" offset="251524" codec="CF02" endianness="little">
  <description>LvL3</description>
</palette>
<palette size="16" direct="no" offset="251563" codec="CF02" endianness="little">
  <description>LvL4</description>
</palette>
<palette size="16" direct="no" offset="251594" codec="CF02" endianness="little">
  <description>LvL5</description>
</palette>
<palette size="16" direct="no" offset="251629" codec="CF02" endianness="little">
  <description>LvL6</description>
</palette>
<palette size="16" direct="no" offset="250479" codec="CF02" endianness="little">
  <description>LvL7</description>
</palette>
<palette size="16" direct="no" offset="250514" codec="CF02" endianness="little">
  <description>LvL8</description>
</palette>
<palette size="16" direct="no" offset="250549" codec="CF02" endianness="little">
  <description>LvL9</description>
</palette>
<palette size="16" direct="no" offset="250584" codec="CF02" endianness="little">
  <description>LvL10</description>
</palette>
  </folder>
  <folder>
    <name>Sprites</name>
<palette size="16" direct="no" offset="251470" codec="CF02" endianness="little">
  <description>LvL1</description>
</palette>
  </folder>
 </palettes>
</tmres>
