<?xml version="1.0" encoding="iso-8859-1"?>
<!DOCTYPE tmres SYSTEM "tmres.dtd">
<tmres>
 <bookmarks>
<bookmark offset="2023424" columns="16" rows="22" blockwidth="16" blockheight="22" rowinterleaved="true" sizeblocktocanvas="true" mode="1D" palIndex="2" codec="CP02">
  <description>smb3</description>
</bookmark>
<bookmark offset="1998848" columns="16" rows="16" blockwidth="16" blockheight="16" rowinterleaved="false" sizeblocktocanvas="true" mode="1D" palIndex="0" codec="CP02">
  <description>Mario</description>
</bookmark>
<bookmark offset="344064" columns="2" rows="20" blockwidth="2" blockheight="20" rowinterleaved="false" sizeblocktocanvas="true" mode="1D" palIndex="0" codec="CP02">
  <description>SMB1 Mario Sprite</description>
</bookmark>
 </bookmarks>
 <palettes>
<palette size="256" direct="no" offset="1974528" codec="CF00" endianness="little">
  <description>palette</description>
</palette>
<palette size="64" direct="no" offset="137725" codec="CF00" endianness="little">
  <description>SMB1 Mario Palette</description>
</palette>
 </palettes>
</tmres>
